{
  "name": "this-ti.me",
  "version": "1.0.0",
  "description": "The code for the this-ti.me website",
  "main": "src/index.js",
  "type": "module",
  "scripts": {
    "build": "npx webpack --mode=production",
    "test": "echo \"Error: no test specified\" && exit 1"
  },
  "repository": {
    "type": "git",
    "url": "git+https://github.com/bbusschots/this-ti.me.git"
  },
  "keywords": [
    "JavaScript",
    "timezones"
  ],
  "author": "Bart Busschots",
  "license": "BSD-3-Clause",
  "bugs": {
    "url": "https://github.com/bbusschots/this-ti.me/issues"
  },
  "homepage": "https://github.com/bbusschots/this-ti.me#readme",
  "dependencies": {
    "@bartificer/human-join": "^1.1.3",
    "@fortawesome/fontawesome-free": "^5.15.4",
    "bootstrap": "^4.2.1",
    "bootstrap-4-autocomplete": "^1.3.2",
    "is-it-check": "^1.0.11",
    "jquery": "^3.6.0",
    "js-cookie": "^2.2.1",
    "moment-timezone": "^0.5.37",
    "mustache": "^4.2.0",
    "popper.js": "^1.16.1",
    "tempusdominus-bootstrap-4": "^5.39.2",
    "urijs": "^1.19.11"
  },
  "devDependencies": {
    "copy-webpack-plugin": "^11.0.0",
    "css-loader": "^6.7.1",
    "style-loader": "^3.3.1",
    "webpack": "^5.74.0",
    "webpack-cli": "^4.10.0"
  }
}
