[{"Symbol":"AAPL","AssetType":"Common Stock","Name":"Apple Inc","Description":"Apple Inc. is an American multinational technology company that specializes in consumer electronics, computer software, and online services. Apple is the world's largest technology company by revenue (totalling $274.5 billion in 2020) and, since January 2021, the world's most valuable company. As of 2021, Apple is the world's fourth-largest PC vendor by unit sales, and fourth-largest smartphone manufacturer. It is one of the Big Five American information technology companies, along with Amazon, Google, Microsoft, and Facebook.","CIK":"320193","Exchange":"NASDAQ","Currency":"USD","Country":"USA","Sector":"TECHNOLOGY","Industry":"ELECTRONIC COMPUTERS","Address":"ONE INFINITE LOOP, CUPERTINO, CA, US","FiscalYearEnd":"September","LatestQuarter":"2023-12-31","MarketCapitalization":"2774291710000","EBITDA":"130108998000","PERatio":"27.94","PEGRatio":"2.212","BookValue":"4.793","DividendPerShare":"0.95","DividendYield":"0.0053","EPS":"6.43","RevenuePerShareTTM":"24.65","ProfitMargin":"0.262","OperatingMarginTTM":"0.338","ReturnOnAssetsTTM":"0.212","ReturnOnEquityTTM":"1.543","RevenueTTM":"385706000000","GrossProfitTTM":"170782000000","DilutedEPSTTM":"6.43","QuarterlyEarningsGrowthYOY":"0.16","QuarterlyRevenueGrowthYOY":"0.021","AnalystTargetPrice":"201.41","AnalystRatingStrongBuy":"10","AnalystRatingBuy":"17","AnalystRatingHold":"12","AnalystRatingSell":"2","AnalystRatingStrongSell":"0","TrailingPE":"27.94","ForwardPE":"27.55","PriceToSalesRatioTTM":"7.19","PriceToBookRatio":"37.44","EVToRevenue":"7.28","EVToEBITDA":"21.05","Beta":"1.312","52WeekHigh":"199.37","52WeekLow":"146.83","50DayMovingAverage":"187.72","200DayMovingAverage":"183.9","SharesOutstanding":"15441900000","DividendDate":"2024-02-15","ExDividendDate":"2024-02-09"},{"Symbol":"IBM","AssetType":"Common Stock","Name":"International Business Machines","Description":"International Business Machines Corporation (IBM) is an American multinational technology company headquartered in Armonk, New York, with operations in over 170 countries. The company began in 1911, founded in Endicott, New York, as the Computing-Tabulating-Recording Company (CTR) and was renamed International Business Machines in 1924. IBM is incorporated in New York. IBM produces and sells computer hardware, middleware and software, and provides hosting and consulting services in areas ranging from mainframe computers to nanotechnology. IBM is also a major research organization, holding the record for most annual U.S. patents generated by a business (as of 2020) for 28 consecutive years. Inventions by IBM include the automated teller machine (ATM), the floppy disk, the hard disk drive, the magnetic stripe card, the relational database, the SQL programming language, the UPC barcode, and dynamic random-access memory (DRAM). The IBM mainframe, exemplified by the System/360, was the dominant computing platform during the 1960s and 1970s.","CIK":"51143","Exchange":"NYSE","Currency":"USD","Country":"USA","Sector":"TECHNOLOGY","Industry":"COMPUTER & OFFICE EQUIPMENT","Address":"1 NEW ORCHARD ROAD, ARMONK, NY, US","FiscalYearEnd":"December","LatestQuarter":"2023-12-31","MarketCapitalization":"172531417000","EBITDA":"14291000000","PERatio":"23.09","PEGRatio":"4.345","BookValue":"24.63","DividendPerShare":"6.63","DividendYield":"0.0353","EPS":"8.15","RevenuePerShareTTM":"67.89","ProfitMargin":"0.121","OperatingMarginTTM":"0.232","ReturnOnAssetsTTM":"0.0471","ReturnOnEquityTTM":"0.337","RevenueTTM":"61860000000","GrossProfitTTM":"32688000000","DilutedEPSTTM":"8.15","QuarterlyEarningsGrowthYOY":"0.2","QuarterlyRevenueGrowthYOY":"0.041","AnalystTargetPrice":"182.16","AnalystRatingStrongBuy":"4","AnalystRatingBuy":"3","AnalystRatingHold":"10","AnalystRatingSell":"3","AnalystRatingStrongSell":"0","TrailingPE":"23.09","ForwardPE":"18.73","PriceToSalesRatioTTM":"2.789","PriceToBookRatio":"7.66","EVToRevenue":"3.541","EVToEBITDA":"14.91","Beta":"0.716","52WeekHigh":"195.12","52WeekLow":"116.32","50DayMovingAverage":"174.72","200DayMovingAverage":"150.46","SharesOutstanding":"916745000","DividendDate":"2024-03-09","ExDividendDate":"2024-02-08"},{"Symbol":"MSFT","AssetType":"Common Stock","Name":"Microsoft Corporation","Description":"Microsoft Corporation is an American multinational technology company which produces computer software, consumer electronics, personal computers, and related services. Its best known software products are the Microsoft Windows line of operating systems, the Microsoft Office suite, and the Internet Explorer and Edge web browsers. Its flagship hardware products are the Xbox video game consoles and the Microsoft Surface lineup of touchscreen personal computers. Microsoft ranked No. 21 in the 2020 Fortune 500 rankings of the largest United States corporations by total revenue; it was the world's largest software maker by revenue as of 2016. It is considered one of the Big Five companies in the U.S. information technology industry, along with Google, Apple, Amazon, and Facebook.","CIK":"789019","Exchange":"NASDAQ","Currency":"USD","Country":"USA","Sector":"TECHNOLOGY","Industry":"SERVICES-PREPACKAGED SOFTWARE","Address":"ONE MICROSOFT WAY, REDMOND, WA, US","FiscalYearEnd":"June","LatestQuarter":"2023-12-31","MarketCapitalization":"None","EBITDA":"118427001000","PERatio":"37.6","PEGRatio":"2.107","BookValue":"32.06","DividendPerShare":"2.86","DividendYield":"0.0072","EPS":"11.05","RevenuePerShareTTM":"30.61","ProfitMargin":"0.363","OperatingMarginTTM":"0.436","ReturnOnAssetsTTM":"0.152","ReturnOnEquityTTM":"0.392","RevenueTTM":"227583001000","GrossProfitTTM":"135620000000","DilutedEPSTTM":"11.05","QuarterlyEarningsGrowthYOY":"0.332","QuarterlyRevenueGrowthYOY":"0.176","AnalystTargetPrice":"456.32","AnalystRatingStrongBuy":"20","AnalystRatingBuy":"30","AnalystRatingHold":"4","AnalystRatingSell":"0","AnalystRatingStrongSell":"0","TrailingPE":"37.6","ForwardPE":"31.15","PriceToSalesRatioTTM":"13.57","PriceToBookRatio":"12.96","EVToRevenue":"13.6","EVToEBITDA":"25.59","Beta":"0.899","52WeekHigh":"420.04","52WeekLow":"243.73","50DayMovingAverage":"394.46","200DayMovingAverage":"352.34","SharesOutstanding":"7430440000","DividendDate":"2024-03-14","ExDividendDate":"2024-02-14"}]
