{
    "docdash": {
        "collapse": true,
        "menu": {
            "Bartificer Creations": {
                "href":"https://bartificer.net/",
                "target": "_blank"
            },
            "Podfeet Podcasts": {
                "href":"https://podfeet.com/",
                "target": "_blank"
            }
        },
        "search": true,
        "sectionOrder": ["Modules", "Classes", "Tutorials"],
        "static": true,
        "typedefs": true
    },
    "opts": {
        "encoding": "utf8",
        "pedantic": true,
        "readme": "./README.md",
        "tutorials": "./pages/"
    },
    "source": {
        "include": ["./src/"],
        "includePattern": ".+\\.(mjs|jsdoc)$"
    }, 
    "plugins": [
        "plugins/markdown"
    ],
    "tags": {
        "allowUnknownTags": false,
        "dictionaries": ["jsdoc","closure"]
    }
}