[
	{ "name": "(GMT -12:00) Eniwetok, Kwajalein", "value": "-12:00", "cc": "MH", "city": "Pacific/Kwajalein"},
	{ "name": "(GMT -11:00) Midway Island, Samoa", "value": "-11:00","cc": "UM", "city": "Pacific/Midway"},
	{ "name": "(GMT -10:00) Hawaii", "value": "-10:00", "cc": "US", "city": "Pacific/Honolulu"},
	{ "name": "(GMT -9:30) Taiohae", "value": "-09:50", "cc": "PF", "city": "Pacific/Marquesas"},
	{ "name": "(GMT -9:00) Alaska", "value": "-09:00", "cc": "US", "city": "America/Anchorage"},
	{ "name": "(GMT -8:00) Pacific Time (US & Canada)", "value": "-08:00", "cc": "US", "city": "America/Los_Angeles"},
	{ "name": "(GMT -7:00) Mountain Time (US & Canada)", "value": "-07:00", "cc": "US", "city": "America/Denver"},
	{ "name": "(GMT -6:00) Central Time (US & Canada), Mexico City", "value": "-06:00", "cc": "MX", "city": "America/Mexico_City"},
	{ "name": "(GMT -5:00) Eastern Time (US & Canada), Bogota, Lima", "value": "-05:00", "cc": "PE", "city": "America/Lima"},
	{ "name": "(GMT -4:00) Atlantic Time (Canada), Caracas, La Paz", "value": "-04:00", "cc": "VE", "city": "America/Caracas"},
	{ "name": "(GMT -3:30) Newfoundland", "value": "-03:50", "cc": "CA", "city": "America/St_Johns"},
	{ "name": "(GMT -3:00) Brazil, Buenos Aires, Georgetown", "value": "-03:00", "cc": "BR", "city": "America/Sao_Paulo"},
	{ "name": "(GMT -1:00) Azores, Cape Verde Islands", "value": "-01:00", "cc": "CV", "city": "Atlantic/Cape_Verde"},
	{ "name": "(GMT) Maynooth, Western Europe Time, London, Lisbon, Casablanca", "value": "+00:00", "cc": "IE", "city": "Europe/Dublin"},
	{ "name": "(GMT +1:00) Brussels, Copenhagen, Madrid, Paris", "value": "+01:00", "cc": "BE", "city": "Europe/Brussels"},
	{ "name": "(GMT +2:00) Kaliningrad, South Africa", "value": "+02:00", "cc": "RU", "city": "Europe/Kaliningrad"},
	{ "name": "(GMT +3:00) Baghdad, Riyadh, Moscow, St. Petersburg", "value": "+03:00", "cc": "IQ", "city": "Asia/Baghdad"},
	{ "name": "(GMT +3:30) Tehran", "value": "+03:50", "cc": "IR", "city": "Asia/Tehran"},
	{ "name": "(GMT +4:00) Abu Dhabi, Muscat, Baku, Tbilisi", "value": "+04:00", "cc": "OM", "city": "Asia/Muscat"},
	{ "name": "(GMT +4:30) Kabul", "value": "+04:50", "cc": "AF", "city": "Asia/Kabul"},
	{ "name": "(GMT +5:00) Ekaterinburg, Islamabad, Karachi, Tashkent", "value": "+05:00", "cc": "PK", "city": "Asia/Karachi"},
	{ "name": "(GMT +5:30) Bombay, Calcutta, Madras, New Delhi", "value": "+05:50", "cc": "SC", "city": "Indian/Mahe"},
	{ "name": "(GMT +5:45) Kathmandu, Pokhara", "value": "+05:75", "cc": "NP", "city": "Asia/Kathmandu"},
	{ "name": "(GMT +6:00) Almaty, Dhaka, Colombo", "value": "+06:00", "cc": "KZ", "city": "Asia/Almaty"},
	{ "name": "(GMT +6:30) Yangon, Mandalay", "value": "+06:50", "cc": "MM", "city": "Asia/Yangon"},
	{ "name": "(GMT +7:00) Bangkok, Hanoi, Jakarta", "value": "+07:00", "cc": "TH", "city": "Asia/Bangkok"},
	{ "name": "(GMT +8:00) Beijing, Perth, Singapore, Hong Kong", "value": "+08:00", "cc": "HK", "city": "Asia/Hong_Kong"},
	{ "name": "(GMT +8:45) Eucla", "value": "+08:75", "cc": "AU", "city": "Australia/Eucla"},
	{ "name": "(GMT +9:00) Tokyo, Seoul, Osaka, Sapporo, Yakutsk", "value": "+09:00", "cc":  "JP", "city": "Asia/Tokyo"},
	{ "name": "(GMT +9:30) Adelaide, Darwin", "value": "+09:50", "cc": "AU", "city": "Australia/Adelaide"},
	{ "name": "(GMT +10:00) Eastern Australia, Guam, Vladivostok", "value": "+10:00", "cc": "RU", "city": "Asia/Vladivostok"},
	{ "name": "(GMT +10:30) Lord Howe Island", "value": "+10:50", "cc": "AU", "city": "Australia/Lord_Howe"},
	{ "name": "(GMT +11:00) Magadan, Solomon Islands, New Caledonia", "value": "+11:00", "cc": "RU", "city": "Asia/Magadan"},
	{ "name": "(GMT +11:30) Norfolk Island", "value": "+11:50", "cc": "NF", "city": "Pacific/Norfolk"},
	{ "name": "(GMT +12:00) Auckland, Wellington, Fiji, Kamchatka", "value": "+12:00", "cc": "NZ", "city": "Pacific/Auckland"},
	{ "name": "(GMT +12:45) Chatham Islands", "value": "+12:75", "cc": "NZ", "city": "Pacific/Chatham"},
	{ "name": "(GMT +13:00) Apia, Nukualofa", "value": "+13:00", "cc": "WS", "city": "Pacific/Apia"},
	{ "name": "(GMT +14:00) Line Islands, Tokelau", "value": "+14:00", "cc": "WS", "city": "Pacific/Apia"}
]